UserID,Email,Password,Handle
1,elune0@newsvine.com,eN7}U*mnnShR,ascandroot0
2,emurkus1@slashdot.org,"gY9(_GbpNXr""N",lmara1
3,bjones2@nifty.com,wS5%S)|gw!k,atheseira2
4,llempke3@free.fr,"nN7/{\,QN""C5y8/",awooff3
5,lpippin4@aboutads.info,dZ8%nZi+r!bJ,fhawford4
6,gundrill5@aboutads.info,jI7.|RMjf#yzF?n,rscorthorne5
7,lroubeix6@mapquest.com,lM0}A9_gI@,fpigny6
8,blote7@businesswire.com,xW0!0>Ex)WaNR,telham7
9,bvondracek8@furl.net,gR4.vTz``c9>+&bm,cphare8
10,fklishin9@miibeian.gov.cn,jL9&ec1=>3Q~a,pcremer9
11,mhurforda@flavors.me,"jK0\""k0JPn{ZH",mfanta
12,landellb@liveinternet.ru,bY5&n\3<ZZB<X,ddeblaseb
13,rjoubertc@cpanel.net,"vG4#T""|_q4",lklausenc
14,ggoutd@woothemes.com,kX7%pc't>vYvg92,vgumeyd
15,rbrekonridgee@desdev.cn,kJ6$mYZd$JI,aattridee
16,lruberryf@umich.edu,fL7=JiFGh,jpiquardf
17,skilbourng@technorati.com,pM8?!OW~F,xmunkleyg
18,dblincoeh@dailymotion.com,sO9#?4O>,godriscollh
19,bblaisei@spiegel.de,"cC2>Y/g%,Q.GRekO",cpilburyi
20,lreariej@dagondesign.com,dA8)'1tF$,ecronej
21,cdownerk@theatlantic.com,uH4_5}t}kxfeMn,tgaitherk
22,klimbournel@yelp.com,lP3'Ob0g{3ODBcQ,akerslakel
23,egrzelakm@behance.net,lJ5@e7nG\RdndyI,dfisonm
24,lpinnijarn@ebay.com,uI7$3nNPU@n(2?},nickovn
25,nricheno@histats.com,eB0)o1z(,mpainteno
26,rgrinnellp@ask.com,"uA4%Io@a,aqC",gparrisp
27,hwardleyq@census.gov,"mV4?1mOs,L$)q*w",aheistermannq
28,mwitcomber@zimbio.com,xQ0\MMnG22)9_zj3,cglanderr
29,dodoohaines@xing.com,rV3'w\4Dz,brestills
30,gevequet@shareasale.com,kQ9'nQhN1qf,nmallant
31,apeartonu@ezinearticles.com,uT5.{>csw`,gklyneru
32,chungerfordv@cbsnews.com,sU6%$lfUQ,dvuittev
33,tmaiseyw@ed.gov,hA3)\jp((0GmzKA,acloutew
34,crehorx@blogspot.com,nY9&BTsF8,aovernellx
35,ocuttlesy@dailymail.co.uk,aZ7\#9k)$qqE&gcd,rcrocey
36,sdawesz@narod.ru,lW2}u{Nfa<RBw,minderwickz
37,rwyley10@domainmarket.com,nH3~l_B%'!,akennermann10
38,tcallard11@live.com,aX3.{jX}l2h5,dwhoolehan11
39,eskechley12@ft.com,zR7{GTcY*,jarblaster12
40,wbatkin13@seesaa.net,yZ4/a3NI{#1nsW,sfoker13
41,tcoulthart14@livejournal.com,"xF5<,FF2",bllewellin14
42,wwankling15@gmpg.org,kY4_Sa._(Rh{,talhirsi15
43,bbennis16@yellowbook.com,rW8@hz~Nz4,akoppen16
44,dwaples17@woothemes.com,"mP6&y`kx""hF.qbj",rlyall17
45,gberka18@constantcontact.com,iT5/K=k4C9_3RDA,sazemar18
46,gjeayes19@mysql.com,hT1>r=vEK!}(_r,amansfield19
47,cbrawley1a@posterous.com,iE7)?NwGGN,mparlor1a
48,rgudgion1b@home.pl,eX4?E_sQ5R`w,npolglaze1b
49,cedmed1c@elegantthemes.com,"jA3+wio/k,o2/",mbowring1c
50,zantonellini1d@sohu.com,nM2\j_X>A_g,amcfayden1d
51,jserfati1e@sciencedaily.com,jP8$yL)5<3Rd,eoldnall1e
52,rtow1f@people.com.cn,tT4`G~C<GuZB5b8,cgrzegorek1f
53,blooney1g@yandex.ru,"bI2_,d9Z*D{=",bhaythorne1g
54,eheijnen1h@bing.com,hK7}7B7jC=q/,sbernardeschi1h
55,dmundow1i@dedecms.com,iM4<DSGg$g.,fcrumb1i
56,pgratland1j@trellian.com,fD5.4vTJp,cbrandenberg1j
57,hfilippov1k@mlb.com,dJ4=FVslz,dbutler1k
58,ebeaconsall1l@issuu.com,"mJ9""pU!0q*M6lU",bellison1l
59,astormonth1m@who.int,wI8%U+7'y.yy$1,snorcop1m
60,aabrahamian1n@bluehost.com,dJ6=#`ZL|Mt>#,gkliesl1n
61,msmurfitt1o@alibaba.com,"lF4,0Cr,&u",dtinston1o
62,lmitchinson1p@amazon.de,zX6'My6$,jstonham1p
63,mbriskey1q@ameblo.jp,lJ7/'x_6PSgz+W,athorneloe1q
64,lbartot1r@yandex.ru,oR1*\DC/W.m|EAt>,ifeehan1r
65,efechnie1s@photobucket.com,pO6{?.xSG,abeveridge1s
66,grambaut1t@economist.com,xA4?Rfd9JP+k~,ypuffett1t
67,rsterndale1u@eventbrite.com,hW3.)_gAQsj,cpydcock1u
68,zgerred1v@tripod.com,sC8/Y~e`9wR,esmithin1v
69,rjenkerson1w@chron.com,lZ5$?dQc1`<,slazer1w
70,rcrier1x@unc.edu,"oF5""b}SIJ9",hyakubovich1x
71,sdunridge1y@loc.gov,pJ9<w6l\OLA,plenaghen1y
72,ecullingworth1z@java.com,zO2){nbyGkG?,layllett1z
73,cpelman20@booking.com,mM1$nfEiDAq'{u\,cosgordby20
74,klineen21@list-manage.com,gY1}dEDT,nmaneylaws21
75,esnarr22@google.fr,iR5(=MAhDEjis3,tgadie22
76,lducarme23@fema.gov,"jI0,>z/CkK%B5""",ykettlesting23
77,nisenor24@simplemachines.org,fI8|tveJwXEb,cpoynser24
78,sskottle25@bluehost.com,uU5.i${je`ko2m,ccutford25
79,olangshaw26@elegantthemes.com,gR5(*lOOx8*,mpeacock26
80,bbridgnell27@slashdot.org,cI5/cp@Oy,gmoye27
81,fcrothers28@4shared.com,sQ3<|Wh_kp@,rdolling28
82,cguarin29@pbs.org,gM9{ZbjM\,dtesche29
83,smiddlewick2a@ibm.com,aK4'Q6YfJwD@lG6,alung2a
84,gasel2b@hostgator.com,jW3{x'b&,mdemattei2b
85,mboardman2c@bing.com,"oN2<,(#}+~Zf""r",dtottie2c
86,mbohike2d@creativecommons.org,kB4<X?B+i(?$@c,gkemshell2d
87,ahalle2e@ted.com,mJ8<j5Ft&2aup!,cgoly2e
88,bboast2f@mail.ru,pC7\@j%lKKx.Vp,ckytter2f
89,glusk2g@discovery.com,"sF9%Eg,|`'ru@",tgillebert2g
90,dmoodey2h@auda.org.au,iM5+q{wfhxi,lmiell2h
91,ncruddas2i@wikipedia.org,fM9/TZnWIttf?t,aedridge2i
92,cgrigolon2j@paginegialle.it,sK0.fW$F7,hdamant2j
93,cdurrington2k@nasa.gov,"iA8|""GQ%*DW)V.W",lpetyanin2k
94,amacneil2l@hhs.gov,"xT5@o|""L&u<}\E",jgavaghan2l
95,bmcilmurray2m@businessweek.com,"eG1!Ut,PC%",cwaight2m
96,bbalwin2n@yelp.com,uC5.(=8f@B<(M,ghovel2n
97,vgilligan2o@mediafire.com,eB5)1.nAh\5,bpierson2o
98,enassie2p@smh.com.au,"tH8_|gMRlz,h#n\",jreddell2p
99,nglidder2q@example.com,fF0(ia7pK\X4y,fkeeler2q
100,cwoffenden2r@mediafire.com,gJ7/Sa.m_4P,mattlee2r
101,pguillet2s@flickr.com,wF0{=M.3s,koppie2s
102,jpride2t@dion.ne.jp,uP6{6`bxE_Qbu5M,wrablan2t
103,asparham2u@nydailynews.com,hE7>Kbn73`~,dcod2u
104,coxterby2v@tmall.com,"cK1>QjSn'NM$6,",scady2v
105,arubenchik2w@zdnet.com,dC7_t\Ow4H1rV,bwoltman2w
106,cbellino2x@indiatimes.com,iQ2~'s6E,ehollingsby2x
107,lprosh2y@php.net,bO3{UKp47V,cgammill2y
108,gluddy2z@mashable.com,wU6|m_%UBnG_g_|,wfinnes2z
109,mrowling30@nbcnews.com,"tD9|~\{8`Tc,",fchansonne30
110,cdavie31@arizona.edu,cK9%@m#L12,mrawes31
111,aales32@salon.com,rC0>yK<|Vsg`K?m,ecriag32
112,emullen33@nbcnews.com,tY2{zhTSx<,iharrald33
113,ctimbs34@wikipedia.org,xX9?kVRm5Y,bfrontczak34
114,krandlesome35@samsung.com,rP3!8B57/Kw&z,ddaugherty35
115,sburl36@reddit.com,aH3`=Quz,mdyerson36
116,etruitt37@yahoo.com,zD5%LS/|36({l_m~,jtownshend37
117,hrumming38@whitehouse.gov,pW7*&HN~!,ceveral38
118,gdrinkwater39@amazonaws.com,gR8`LfSO+IS6{,sczaja39
119,dsoldi3a@comsenz.com,jN5$%7#GQ,oandino3a
120,bsign3b@fda.gov,fH9.)I6!gt7~+UZ>,dmawby3b
121,msisneros3c@hostgator.com,gW5_w1Wy\WwQ*,mkippins3c
122,ckernes3d@ftc.gov,rI8.TrFo6iFH+,ccanfield3d
123,aleidecker3e@linkedin.com,sX0|}1_*kyj,fcregg3e
124,plaverock3f@ucla.edu,"gN4%8ge,}HnkOX.",wlongworthy3f
125,zmusgrove3g@nps.gov,pZ4!xHeP2C*ZzcqK,jayerst3g
126,pcorteney3h@patch.com,"bQ6'tN(X`?){3$""{",kgouly3h
127,dallwright3i@usnews.com,bR6{I42G#p'UxE2d,medden3i
128,tburtwhistle3j@redcross.org,"aB2""Zk1MI3Oo)",bshortland3j
129,tfrancioli3k@census.gov,iY6\=Hyl>>mf0eqj,pduffill3k
130,switchard3l@smh.com.au,hK9}%H8+nS,cgarnett3l
131,bmurphy3m@youtube.com,dG5\mV5M,awallhead3m
132,croberti3n@hc360.com,"tA8~'dbvHYU&!""Z",omurdoch3n
133,bgayton3o@istockphoto.com,"gO7_Hbr|q<7/,R",tcregan3o
134,aetridge3p@netscape.com,lE9#tpd$?32CRuOv,rkelly3p
135,iextal3q@indiatimes.com,eO3}AZx1s,hadenet3q
136,rkett3r@about.me,"cA6/mUh%,a+IFtb?",gemblow3r
137,toshirine3s@networksolutions.com,"wE8""|yY""laokgz_o",pbristow3s
138,llochran3t@uol.com.br,jB0*@lO%b6SD,lbrendish3t
139,eanney3u@skyrock.com,"nO6#7jGNmZdi,vsD",wlotherington3u
140,vboocock3v@nih.gov,yC5|wj2z,hsanbroke3v
141,bthomton3w@bloglovin.com,pX9+Tb/=kRm{,tcattenach3w
142,ofetherstone3x@dailymail.co.uk,"rW9,dr2F",afeldberg3x
143,tmeiner3y@rakuten.co.jp,uR2!=SRo2af,modonohoe3y
144,kgiraudou3z@jigsy.com,"xM4,h>oi",anelthropp3z
145,fboullen40@sourceforge.net,bB4#<H|nxF\},bedinborough40
146,hpurslow41@posterous.com,"oK4?,nFoox.",mgeator41
147,vdepper42@dagondesign.com,"uN3)<)a,wC8""IP)T",ggilbey42
148,rchainey43@so-net.ne.jp,uN6(!/z%{d%)j$,tdibartolomeo43
149,cknibbs44@salon.com,gJ0?|B$.,xmckern44
150,glippatt45@vk.com,yB5=.Oa(3fH.Sk5,sblackborn45
151,cstainton46@nationalgeographic.com,"cO1({+7_,P4T",mklich46
152,mbellchamber47@wired.com,hX8(}lkqnoMe!Db,ptidmas47
153,jkrammer48@linkedin.com,iF1.LgqeG@E(Hz,mderoeck48
154,asiccombe49@sfgate.com,wC6!L3}65,lruste49
155,lpaxforde4a@wsj.com,eG5{10S46d,obrislen4a
156,sboyland4b@arizona.edu,lO0!Tl}LbJ,ghonsch4b
157,atracey4c@t.co,lS8\dL?d,mstoakes4c
158,mtestro4d@t-online.de,zY7)Vj*{,ggodspeede4d
159,osprouls4e@domainmarket.com,nJ6/xL&35ElX,eporte4e
160,sbawcock4f@fema.gov,cM8(9k??,cfranca4f
161,awind4g@tiny.cc,uC4*tj$a\#I,akynder4g
162,cgingold4h@google.ru,mI3}6&&7vdsc9H,mjosebury4h
163,sargente4i@nymag.com,aB1@E~=/sPn*/,grosendorf4i
164,cfrankema4j@japanpost.jp,jV8{oHK(Tr?T/,rwalker4j
165,kmcphaden4k@sfgate.com,"zT2`GI@=x""B+o",kbloxsom4k
166,cshoreman4l@hp.com,eE6`6sj5Ceblk0,elonsdale4l
167,jpridham4m@dailymotion.com,"aE9,MLOrK>_?p9F8",smaase4m
168,aboxall4n@example.com,sH4&17hVt_+Z3iR(,wmillward4n
169,bdowsey4o@yelp.com,"kH9%+(fCG,(",ftomkin4o
170,eclousley4p@sohu.com,jC0<*i3h,rackerley4p
171,bcatford4q@eepurl.com,gT6(Bp=u)+ap7,wmunnery4q
172,nwalkden4r@stumbleupon.com,"rB6@hC""yv0a_vAh4",shegge4r
173,lhadwick4s@jugem.jp,vZ2')5D_N%f/d,pcrowder4s
174,mdebell4t@ibm.com,sS6*}Y7F9(1aWp@|,cgrossier4t
175,lhurdis4u@jugem.jp,eB5+d$_>zO|z6MK,bbleackly4u
176,sgurling4v@nba.com,dL0_dzmocA4=rQc,bsummerlie4v
177,asamme4w@cam.ac.uk,"hQ1%S0,nO",pmusicka4w
178,dmcclenaghan4x@cam.ac.uk,mZ3$mu1W2U*Hz,achong4x
179,hferrelli4y@fotki.com,iW3_lCK=*R,oschruur4y
180,bbeckinsale4z@zimbio.com,lP7*7K6l2dL,ntwidale4z
181,ekester50@cloudflare.com,dA9!HrT1M(3%Ep}m,ibraitling50
182,gbrockington51@cocolog-nifty.com,lX4!w16eBX!oL6c,kwillerton51
183,cnunson52@unicef.org,sX9?eOcK,mload52
184,wluesley53@nps.gov,bH6(9ytdfy9H,mchampniss53
185,dredier54@go.com,sF4\sRNRXZb@@@7,echerry54
186,stippett55@angelfire.com,cO8(tMX1IIlHSS,hmatthewman55
187,mdadd56@phpbb.com,hZ0)nW.lF(,gsueter56
188,wdevigne57@nytimes.com,bJ6~lX$H,rrubes57
189,bbonhill58@about.com,tI6<U~=j~Ox@>*,cjeckell58
190,napted59@bloomberg.com,iS5)PaP>p,mmcaless59
191,jcullinan5a@archive.org,gW9%ev8UY<78F,gribou5a
192,amulvy5b@addtoany.com,nZ0!EJ#HFX50%,boades5b
193,dnesfield5c@elegantthemes.com,uH2_%PU)QwcnE,rblaydon5c
194,tduce5d@bravesites.com,fG9=rJQn}/YKFQ,mlambotin5d
195,lransfield5e@toplist.cz,rQ9!7FD2,khardin5e
196,tcoram5f@whitehouse.gov,eY1?yJxYZ4b@K(4,mcondon5f
197,dcurds5g@cnet.com,nM3=<}4HO(7igti,mrounsefell5g
198,fstothart5h@utexas.edu,xJ2=4IfRS.7LB,cgabrieli5h
199,snorquoy5i@networkadvertising.org,"sX0!a""g,",cwhithalgh5i
200,ccashford5j@booking.com,wH3~E*HBA,gpere5j
201,kakast5k@prnewswire.com,nU0`7uyQ,fbeake5k
202,nspatig5l@yale.edu,mL8/rrA>ST$,jdoody5l
203,abatte5m@toplist.cz,nU9=%z*Q7Y,vdunn5m
204,cfortin5n@over-blog.com,sR5(`PZ*3z,lbarthorpe5n
205,mcleyburn5o@a8.net,rU6)uU%')?jY,rthynn5o
206,mdufty5p@discovery.com,tW2$Dl{mZPkg,vcongdon5p
207,rshaxby5q@technorati.com,dL9)*\e%<uWtC,jgillbey5q
208,tantonsen5r@vkontakte.ru,lY9+c&0q1!DMng2Z,tfealey5r
209,ksoutherden5s@people.com.cn,gK0\vx=/.|,rhargrove5s
210,jmewis5t@macromedia.com,aI7#fn=l5BZ?S}>,lmews5t
211,rallchorn5u@mysql.com,kF8+`Bl(.hkb<&/u,cwarwicker5u
212,oburfitt5v@independent.co.uk,pL0|($Q.JfU,gzecchinelli5v
213,cgellan5w@shinystat.com,rX2!Ej.?CW,rnilges5w
214,pgain5x@wikimedia.org,nN7%@!jK?gD,iemps5x
215,pfidele5y@vinaora.com,cV0`$'_a,ahanbidge5y
216,obraunstein5z@exblog.jp,uB0={Wc*qdCid2kN,mspracklin5z
217,mwass60@nydailynews.com,mK0'uiA0w4%H@qW,mstanmer60
218,ddicks61@telegraph.co.uk,uW2>w)54cR/XUc,nward61
219,mvanvuuren62@cornell.edu,nM5)t0j*O3,saisman62
220,bodeegan63@tumblr.com,qW6{6\Ck`sZ3,vvernalls63
221,leixenberger64@usgs.gov,"gW8@ifX5?Q|S@0,.",nhewins64
222,bmattheissen65@cam.ac.uk,"pR4?E66AzxZ,9'8",rcockle65
223,gculpin66@yahoo.co.jp,xZ4*FoQ.yR!j+\/B,lbygate66
224,rthreader67@mayoclinic.com,"sJ7`CREs5)QgO""X5",gwrack67
225,cheustace68@mlb.com,cA3%jet43HWP%3,btesdale68
226,gyeatman69@cocolog-nifty.com,iS3_X+8USXsK`6hU,hchapier69
227,paizlewood6a@bravesites.com,jX6_<NQN#b55z,bsein6a
228,askehan6b@dailymail.co.uk,dO4>X*}1=NB{6,bstitt6b
229,nardling6c@nsw.gov.au,"gV9)43IL""Lpb",hmatysiak6c
230,jbigly6d@foxnews.com,"lR0!i5A3d|\,",fguess6d
231,cdifranceshci6e@vkontakte.ru,nZ9\SYz3k.ZHw,ehellis6e
232,rcherry6f@opensource.org,mU9!'A*(*Yg9,khalbard6f
233,dmccarthy6g@cisco.com,qI1`zmm*{HiGi{h8,egrieg6g
234,amaddy6h@amazon.co.uk,"zR1||C""}6yx",wduesberry6h
235,zbutler6i@usgs.gov,lI4`&/xh,pyoxen6i
236,asains6j@theguardian.com,iR4>qLduU,agaspero6j
237,hlezemere6k@hugedomains.com,qH9<<T%s\ZGW}ZU,tedler6k
238,jakehurst6l@4shared.com,hG4`~jVAARZ,ylammie6l
239,tcalender6m@wikipedia.org,"cP0>sxgvVVJUG.,Z",vswains6m
240,egoodchild6n@odnoklassniki.ru,gC7)#i$}~h5~Ib7Z,smcclinton6n
241,cjackson6o@dmoz.org,uP3<m+da`j,hkeling6o
242,akeppie6p@cdc.gov,oA2`E@h~,ilodemann6p
243,jeldritt6q@opensource.org,rL4~a3>4Ig62,cbooi6q
244,jmorratt6r@nationalgeographic.com,iO4$W>'e54V{#5,fhars6r
245,hpenhalurick6s@uiuc.edu,wM7?x7sq@e,mmccarthy6s
246,habercrombie6t@google.com,iY2#2/kd},ycorss6t
247,ssmalridge6u@stanford.edu,bD5<{`Xt{,mbaldery6u
248,bwindows6v@clickbank.net,vL5`nK}i'P_NR.D=,nerangy6v
249,nmcwhorter6w@scribd.com,wG3*X|YJjrI0D0,mcarrell6w
250,wkehir6x@1688.com,"pY9>?(0,(e6E(<4",lbissill6x
251,jzecchetti6y@ameblo.jp,wG6>V$EXD.TZw,jfrancecione6y
252,nleftbridge6z@meetup.com,"zV8,!@4t4IKT",jacosta6z
253,gpaulmann70@bravesites.com,zG7#/Xi5XPk,mhotton70
254,ldunnaway71@hexun.com,dN1%$'lE#V&,gwheaton71
255,csidgwick72@ow.ly,wO6&\*MM64,lbarnson72
256,aporson73@gov.uk,yF8?3%mH~+\fdu4,madamsson73
257,haluard74@wordpress.org,fI8$wnTsF,ocavozzi74
258,amuddle75@mapy.cz,bZ0<>'8.96Iu2i,toscully75
259,pmedcalf76@nhs.uk,"nQ1~%k,I",hsothcott76
260,coclovan77@opera.com,vK2\mhGcO,rgunnell77
261,lscraney78@360.cn,vS1+@0xihO8Zx,dmainland78
262,smcadam79@hubpages.com,fO8?Y1fc6p,ckuschel79
263,ecorden7a@bizjournals.com,"lI8(vO?M/G,B%J=",msaphin7a
264,amerryfield7b@toplist.cz,jS6{NDHuOL,eadame7b
265,sheaps7c@w3.org,yB5*{b5.u4BfnY,cperutto7c
266,mgoldin7d@thetimes.co.uk,dX3$2iXMen,wgamett7d
267,avenmore7e@hostgator.com,pH2\6+pr_,slicari7e
268,fhedditch7f@techcrunch.com,qW8}{Pa9G,abeadnell7f
269,lalexandersson7g@bravesites.com,kU4}yYWlT<dy*b,cruter7g
270,fchaperlin7h@intel.com,pQ7`A`CyqW,jshackleton7h
271,pbreeder7i@skype.com,fM5`%/Zug,atorre7i
272,rbartkowiak7j@ed.gov,"iU4`LVm""JJ#&=",dwoodruffe7j
273,jparlor7k@sfgate.com,bR2\pgqW@L.,mshellcross7k
274,mmaccurtain7l@storify.com,qA6\'@({2rC.g,gcaldicott7l
275,tburgiss7m@shinystat.com,xW7#6(OW3Y,bwhistan7m
276,mshurey7n@state.tx.us,"bH3,/j?k0S/j",jdebill7n
277,drenney7o@cnbc.com,fF3!S|ILCBNu,vplenderleith7o
278,mbixley7p@tinyurl.com,"jV3*&UM#$G'#=""D",rstopher7p
279,bandries7q@indiatimes.com,fR6}%&\|,schestnut7q
280,mebrall7r@thetimes.co.uk,sR0#Cy14Xn,bfishbie7r
281,fmcanalley7s@pagesperso-orange.fr,dY0#gl3r*F5,gsunshine7s
282,emcquaker7t@dot.gov,rI7`!ynomR>}v,pdundredge7t
283,ooloman7u@yelp.com,kU8$hA0{#G,blockery7u
284,mthominga7v@ed.gov,"pO0?0W~4.#q,CZ||",dhunnawill7v
285,cdady7w@hhs.gov,dP9#89RQW/Y,osikora7w
286,pbertome7x@spiegel.de,gB4%lm$@BUH+s,mtorbeck7x
287,dpetrushka7y@themeforest.net,nD3\qs>PMcxP,mwalkinshaw7y
288,fcavy7z@apache.org,jU7/uZmi#*ER',sterney7z
289,jmaylor80@example.com,lP0~RyN{e,kdodimead80
290,esegar81@wordpress.org,wH3<hdetc,mlevane81
291,cleheude82@vk.com,cP9=x$Q\*$A8VXoh,mruslen82
292,jwile83@istockphoto.com,"tB4#sLL6<7}"".=&c",mfirth83
293,nwernham84@weebly.com,nF4#a}u&>X\,gsimanenko84
294,dphilipps85@tuttocitta.it,jQ5&OMeC*vnYcx,mupton85
295,pmugleston86@virginia.edu,bR6(Bu&',kentreis86
296,jkonzel87@issuu.com,rS5?{JSSYl_8B0oB,jboot87
297,wthal88@edublogs.org,kM3&Yrg/zK0a(3h,iburbank88
298,edarque89@tripod.com,cK6=f3Vb,hhaigh89
299,dgahagan8a@auda.org.au,uP2&Q?dp,dmagenny8a
300,nwhickman8b@ihg.com,tE5}_RfvXd'\I*IF,wkivlin8b
301,rmaccague8c@seesaa.net,"nU6,NbkS*.),",ewellstood8c
302,fhissie8d@istockphoto.com,pB3&N~'xcs,stremelling8d
303,spauleau8e@virginia.edu,xA3}.{>6fn#GI,wspencley8e
304,hsygrove8f@spiegel.de,wP6=zz{FEA1|f*Q,sphilipart8f
305,rwadley8g@ning.com,nU9?A$9~pRttX,alutzmann8g
306,kchaim8h@usnews.com,"hO9+""J*'JT)w?d",fsarll8h
307,tkolodziej8i@google.co.jp,iH8%ybqtD&`WCg>,cslorach8i
308,nexer8j@ca.gov,xT5.tsM&Q@gC_,mhurles8j
309,eokenden8k@netvibes.com,aH7'i3`WI,mphateplace8k
310,mmcevoy8l@t.co,jH8%u<1frX<8Jl,avigne8l
311,prumney8m@icq.com,nY9~NA(6ro,lpolding8m
312,jbirth8n@yahoo.co.jp,qV7_PYl2PW)A.,scufflin8n
313,fhambrook8o@nps.gov,aQ4?v1?JY~g,amcnelis8o
314,gspilisy8p@mit.edu,rL4)9>Im{stS,atinwell8p
315,whinrichsen8q@cnn.com,vO7`kSi5,emackey8q
316,vbielfeld8r@amazon.co.jp,xZ3|5kCviY{,ilonghorne8r
317,bcowperthwaite8s@wikimedia.org,rY1\>/F(<ch664,rdumbrell8s
318,rkirkebye8t@noaa.gov,"iE2<rz""y+$7'pa}",ehollingsby8t
319,bgalero8u@naver.com,"gC0//o,S&qim)",eambroise8u
320,nropcke8v@independent.co.uk,dI0~C%YYyeQ81FVH,adonohoe8v
321,cschiesterl8w@mozilla.com,dW7_$w`9Fo,cdenman8w
322,dpinnere8x@forbes.com,"pB4,82+`_XEY",btamburo8x
323,ecowsby8y@marriott.com,tQ8$Ye{m,kdisdel8y
324,erackstraw8z@pcworld.com,dA8`x_Nfh,dtourne8z
325,iwilkerson90@miitbeian.gov.cn,hK2=&<U=X$,rwareham90
326,mnettle91@prlog.org,kT7&X@bxe%(,pridding91
327,bgresser92@parallels.com,rN5\vdmRP,sfideler92
328,mmetson93@cisco.com,vG3>u$2&,mwolland93
329,lcrannis94@cpanel.net,mF8(`YjKdv,mlefebre94
330,lleifer95@vimeo.com,cL9)1n`MH,bjacobbe95
331,sautry96@abc.net.au,xV6{G!dg?a9J,tpinock96
332,wcharnley97@europa.eu,zH8>Fa@ZG_1?Ve9+,cmatskevich97
333,mpatesel98@vistaprint.com,"bE7}wdPBt""",gruthen98
334,hswiffan99@ehow.com,"kB2{/%hpUUml(,DW",agartsyde99
335,esabberton9a@senate.gov,uE6}$N?Pka&,cthomasset9a
336,rgallaway9b@japanpost.jp,kV3={Lg@gs9S,zsoppit9b
337,jsymondson9c@wikimedia.org,gH0_%az~#a@NAF,ctraves9c
338,bbrockway9d@tripadvisor.com,"oC2\""'q9oiN%R+@4",sgreggersen9d
339,nsterling9e@ow.ly,aF3@pC@@4zyM`E,twipper9e
340,bbarwack9f@weibo.com,pA0!Y)XR3h2x,lbranchet9f
341,gmcmurray9g@wufoo.com,"wJ8""1z%!M4",dbabonau9g
342,dandrich9h@mail.ru,"nE3$2`hA""A#{5!#",bmasding9h
343,kjiles9i@last.fm,"tW2(NEc.qUE!SyW""",ceayres9i
344,cvassano9j@cnn.com,iQ5(?iLv$n}or)'h,imantz9j
345,ecordeux9k@homestead.com,jM7'5o${i>Y}IY93,aboshard9k
346,jwyke9l@phpbb.com,bG7?ApT}k>_|0%`0,kdenney9l
347,tmclanaghan9m@exblog.jp,sP2*.RE0Qb&Q,nsondland9m
348,ipoyle9n@lycos.com,nR4`7cY/PMaI@6MZ,eramm9n
349,csoigoux9o@seesaa.net,hG3?\0VVV>,hhalwood9o
350,rwittey9p@indiegogo.com,eB1{q$ZRM`,rredfearn9p
351,ccleland9q@patch.com,bK7)$M7wUEPnPixK,jdavenall9q
352,kbendley9r@skype.com,"uP5`ON<JA6,?4%j6",asineath9r
353,lchessil9s@bandcamp.com,gB4*XDEtcfai1,sducarne9s
354,idauber9t@addthis.com,pB4\JeJ6I),odunthorne9t
355,gbithell9u@abc.net.au,lO1=boBVO#@?P,ndearnaly9u
356,lbesantie9v@paypal.com,cC9{L1VbG/9tX#J7,ajerrard9v
357,cbolmann9w@lycos.com,"jQ0?uWg""",jwhittek9w
358,eduffin9x@chicagotribune.com,lB9~uQ=vF,mmcilwaine9x
359,glomath9y@yellowpages.com,"dS1`dO$I,q",djencey9y
360,fbradforth9z@hp.com,vQ4(#yTg,vbardnam9z
361,akurdania0@qq.com,"hV4)h,K4",forana0
362,rschultera1@msn.com,"qZ2}v170_""6Gk@c",wbemmenta1
363,llondona2@stumbleupon.com,cF8\4pqRhEk',shanrettya2
364,aidaa3@storify.com,"tR4*""wZ%Ul{?@$n",mdelahunta3
365,eantoniasa4@sakura.ne.jp,bM1{O2VjOn<DKWG,briltona4
366,wsenechaulta5@cisco.com,"zA0!b~),b/?|{(P",bfishbourna5
367,hdorrancea6@hp.com,pJ8*!~A`A4,mfigga6
368,cswalwella7@1und1.de,yZ8(IIi`&,mputtena7
369,mgiffena8@umn.edu,lA0~*s&>,tsimmingsa8
370,hbirtwistlea9@hatena.ne.jp,hN1~Y|%`O{s>_mH,gmcneillya9
371,kmcconnalaa@canalblog.com,kJ3`r{V.cX,cduberryaa
372,scramab@imageshack.us,"rZ0,bzd@23'IQ",kshelleyab
373,cwallerac@shutterfly.com,"uQ0,st0x9",sgannicottac
374,rgillsonad@ted.com,lG5!x2jC,csherebrookead
375,bporkissae@blogger.com,pU3(4~#P_6Ul2W,mpenhearowae
376,gsoanesaf@parallels.com,bV7}gTBz&#i,mperesaf
377,tkrinksag@canalblog.com,aC3&eKA7<i,mmernerag
378,uduchanah@mozilla.org,uU1''g8L0,khukinsah
379,jcalteraai@whitehouse.gov,kA8=(Pgf7Lq,dknockerai
380,gkoppensaj@123-reg.co.uk,iJ9$\SAx199'rAi,fbilhamaj
381,gocuddieak@slashdot.org,yT0(&!Q}>.bJ,cvandenoordak
382,tbluemanal@mysql.com,"aP8""KEb@xCA+,",arivelonal
383,anobbsam@wp.com,yK8).mwbI#ioLP,ecattermullam
384,bbydawayan@uol.com.br,iK0|nQU~yO,dcaldeyrouxan
385,pheakao@squarespace.com,iP0~15ki6TOGm`5W,hkiffinao
386,mhutfieldap@wired.com,"nQ6""UL5Sdl",nwicklinap
387,lsimoniniaq@upenn.edu,aD0%GEEK,rcaldecotaq
388,mberryannar@weibo.com,nS5.pUA6nFj,rjeramar
389,rbraggeas@deviantart.com,vA3`wVZeLzsbqTj6,nferrelias
390,groelofsat@msu.edu,nE0!gx/.ZB,wconyardat
391,ashorteau@blogger.com,wB4}sn@FPopO,ffaircloughau
392,hchallenerav@tmall.com,kP3'_qk+\mCi)7pG,cbernadzkiav
393,cdunmuiraw@google.co.jp,kN2_<$HztK`f'Zg,kkubistaaw
394,amostenax@ca.gov,aO2*COyar5},bmillmoeax
395,gemslieay@de.vu,"wS8!R,>8#?,Yjc3",jmylanay
396,nvanaz@sourceforge.net,jN7?ku@NIiA_,gsmartmanaz
397,zgrayshonb0@yahoo.co.jp,dD7&&jOVB!JE.&au,pmansourb0
398,jperreeb1@devhub.com,cS7~A+TA,ckelletb1
399,wgarratb2@yolasite.com,cA4\j!PS+l|<,wbatisseb2
400,nwoofendellb3@sitemeter.com,"pN1,xtv\3}Mc",coneliganb3
401,htofflerb4@macromedia.com,eR6_a}#('gcMT,tgobournb4
402,gclaessensb5@telegraph.co.uk,tI8<lvruKTd_|>ad,qfutcherb5
403,tdonnerb6@mysql.com,"kE7""/@L_N""%@n",lbausb6
404,fshardlowb7@nationalgeographic.com,lB6+VRva_!&,imouginb7
405,blandab8@acquirethisname.com,fK7*N|%IfG,nnarrawayb8
406,acullneanb9@cdc.gov,xZ0/{52gOR,dcomfordb9
407,whaslegraveba@usgs.gov,hE0>.nePt}%o,cfarragherba
408,lseebrightbb@1688.com,bK3<jPlTthQf,csnowmanbb
409,bcockshottbc@bandcamp.com,"bU8,GKMdj""T7mrCe",vdelayglesiabc
410,mmerckbd@wsj.com,"fH4,5_8s$`Q@Sr",lhedanbd
411,cbowebe@tuttocitta.it,sD4?QAQ%16z,askittlesbe
412,jdorsaybf@epa.gov,lK9#<#71,eswannickbf
413,bsnellerbg@arstechnica.com,"uT1>,3#=",atesoebg
414,lchristophersenbh@devhub.com,eZ9=TpmHw8OW2,htrelevanbh
415,agerlerbi@de.vu,"sH9&FjR,GJ",pminghibi
416,hkralebj@g.co,zV9%j_TwuE6AF*,umullerbj
417,obaulchbk@tiny.cc,sE7.OPm@yd2,hplacidobk
418,jgellingbl@guardian.co.uk,"iM6,q~p4qzTBJ{#j",fmorralleebl
419,smcilhaggabm@goo.gl,"lH3/V,Hp\/y3p",qleinweberbm
420,stolcherbn@weebly.com,zW4+sbQP,vloftsbn
421,eranscombbo@timesonline.co.uk,bM1\jm4U?|1#$hd,kbodybo
422,dkingbp@newsvine.com,mH1!u10.ct!J~A,lottobp
423,lelldredbq@wp.com,iM9.uyUS,cpachbq
424,llavrinovbr@latimes.com,zJ8$IH#?,csweatingbr
425,rgormanbs@google.com.br,cD2>`U!Xhf,mschinettibs
426,gsurgeonerbt@taobao.com,lG3@azKiZe2xiXk,mgribbellbt
427,aferrickbu@tmall.com,pE6%+7?A`I9,aadnetbu
428,dorrinbv@1688.com,"nG7.qz0k,LSW3J_)",deverixbv
429,kloffheadbw@shareasale.com,dH1\(R(WCd(7vW.<,sfrankebw
430,gventonbx@ovh.net,uR9$vuaq_{V,hgiacovellibx
431,sregiby@eventbrite.com,fL7#FB2vFZ!X,bvowelsby
432,jciccoloibz@dmoz.org,vY7{tKrd,bstanistretebz
433,ibrookfieldc0@eventbrite.com,"zU4,Vh?B",bkleinfeldc0
434,rjansenc1@nydailynews.com,xA8{}j4|u48K,pgreenhamc1
435,lmessittc2@zdnet.com,"lL0#,`4.cs*3\hh",mmacvainc2
436,cglassmanc3@infoseek.co.jp,"tK0_b|z#<D6Xr""",isiviourc3
437,dryalc4@salon.com,tP7#n9L3,iduligalc4
438,tmcsaulc5@phpbb.com,hX5{~erScKt,sdallinc5
439,sgiraudoc6@amazon.com,uY4{X\!+?!ox6z1,rkettlec6
440,hosbaldestonc7@sakura.ne.jp,oW0%LYF*I/}@P,balandc7
441,cfriec8@loc.gov,fI2!/ydS,lspatonic8
442,nparnallc9@miibeian.gov.cn,lQ1+%GiJLjNC#8}e,acollecottc9
443,aalwellca@wired.com,"uP4''\""gxA1",alearmountca
444,acousenscb@sciencedaily.com,dN1|>ThK?X,sschruyerscb
445,tmatleycc@freewebs.com,tF9*<rqTyWeLT}N,aromagnosicc
446,tmorigancd@hubpages.com,lT8?%.D{~c,adanbyecd
447,dmeringtonce@prnewswire.com,eB7)Zt|`SHQ0?2M,tstreetsce
448,mcollmancf@ed.gov,"cT8|'}|Z""<$x",edarrigrandcf
449,obannestercg@ovh.net,bW2)!H7#+@l#{Q,gchristiancg
450,fmartench@amazon.com,uS7.<2*{8I\,adorkench
451,sbackhouseci@fc2.com,mD6's?&j6'~|K,areesci
452,arutledgecj@posterous.com,bV9&roq'cMl&<U/,lkristofferssoncj
453,ajorisck@sbwire.com,cU1_kLce,gkenewelck
454,mvasyutkincl@4shared.com,"nH6,RI..7l?!j",ystammerscl
455,fcastiblancocm@vistaprint.com,dQ4|E15r|~F/Dw`,kdeakinscm
456,dinglebycn@prlog.org,nS9@O9'}9,rcastelletcn
457,mjakoubecco@mapquest.com,vI1%TEV7+g|y,hianielloco
458,apochoncp@skyrock.com,hO5&b=mTySJ)J4DH,ascowcroftcp
459,bremingtoncq@lycos.com,yA4$Zqbrd,kharmestoncq
460,kdaybornecr@freewebs.com,qP9@Ux6tKeM}GH,acarlowcr
461,kdanacs@who.int,qR9<Gvnn*0WptvE,mrhydderchcs
462,bnaisbetct@whitehouse.gov,"nR0,7U\<L4Z%vNGp",ewelchmanct
463,wbuggscu@live.com,oM3)mTD0,zdudderidgecu
464,sklaffcv@bandcamp.com,zI0)xA\~h2kIH'!v,abakeycv
465,edecourceycw@mashable.com,bB6{o}$Wk40A(#,egeldartcw
466,cashlingcx@instagram.com,eW8~+mc3zM/j,bblenkincx
467,clangfieldcy@google.co.uk,lT8`@`aqj,bpeekcy
468,egillivercz@apache.org,iV8>c=r=q!uj,rtrengovecz
469,hglentworthd0@1688.com,rH8&C_$6w?@4#Cf,tbubbeard0
470,dtimminsd1@latimes.com,oE8~q}~Ggiw1,dcoardd1
471,hfincherd2@wufoo.com,pX1.y#%Xzj+0I,rangricd2
472,mmcneillyd3@soundcloud.com,"aI7=L~=""'",mforderd3
473,jdyked4@msn.com,"lL1""r)#6F'}&a)",mmelld4
474,lschulkend5@devhub.com,"pK5_""6RF",wmuird5
475,pchillistoned6@feedburner.com,rJ3+/<mB&q2~,alechelled6
476,tbeevensd7@springer.com,mV1%+qiXA$,bpetryd7
477,abunkerd8@usa.gov,"xE0<>%Nt""})X""",wmellodyd8
478,cjacobsohnd9@fastcompany.com,zE9@ye0/(\Uy,aallibandd9
479,tpuigda@oracle.com,pA2#c1sc8,mkynderda
480,showsleydb@mozilla.com,iB5@A**b#`wEiYu),odibiagidb
481,jcustydc@nba.com,hT5}<h!+,mcusickdc
482,mfolbiggdd@house.gov,uD5\9ww(={oU6Fn,kbatherdd
483,twaringde@bbb.org,yC6>?d?J?,jvennartde
484,rlongforthdf@ehow.com,bB6>.t4dzM,mjacobssendf
485,rgreenwooddg@admin.ch,aG8|6xb\L!*,arecordsdg
486,aseallydh@upenn.edu,zJ2'N8k\K'D,rhayzerdh
487,mkempshalldi@epa.gov,xY7+Wj?lrww,gripondi
488,wdimonddj@nasa.gov,kO7@=wWvR_,cmatousdj
489,kgraveneydk@tumblr.com,uI0?TI9<#r0e,bthameltdk
490,abulchdl@stumbleupon.com,lG6'9@..&,nbickmoredl
491,tbarshamdm@imageshack.us,kO8+bx0+yNx,lcarldm
492,ggulleforddn@google.com,"eO3"".3B+",pcraigmyledn
493,omccambroisdo@mapquest.com,"sJ5,@~z$@kI6Ky8O",scurrerdo
494,ahaitliedp@toplist.cz,oB6!K6X@&RJQR,fganforthedp
495,hwatmoughdq@paginegialle.it,vR1`cn?sQi,thalpinedq
496,kpelferdr@chronoengine.com,"jW3|nK8I|,bX",scloonandr
497,nhighnamds@cdc.gov,"hY5?k,3{u){&#uD",pjerromesds
498,kmullarkeydt@wordpress.org,aA2'N`%4'#q1},cstapyltondt
499,lkindreaddu@redcross.org,pT2?*q{|Jd#)jy,ecarmendu
500,sfleydv@bing.com,"fJ0)y/}U1+,1FJ",gchattdv
501,pcabandw@yandex.ru,zG3+5/o1sw,ssadatdw
502,kklossmanndx@altervista.org,eR1_d7xHi>`>,legginsondx
503,btoftsdy@illinois.edu,oI9>QYS0Iiwln09f,aconnechiedy
504,fallcockdz@cam.ac.uk,eF8<F=6Q'cPxsg',dricioppodz
505,cbrewette0@parallels.com,eI2$cska35jx,wgotcliffe0
506,pclaridgee1@list-manage.com,"kH7$z'""f5lX9Nq",lmoneye1
507,afomichkine2@yellowpages.com,aV8~?FAUQ8.(/,cshacklee2
508,hsuermeierse3@cafepress.com,dY6%_VjWC(GgJ4>H,ksmithemane3
509,zsmurfite4@topsy.com,rB2}<>zpxI|Q)!4B,cmckerane4
510,adorwarde5@list-manage.com,gE9.cu/(&9,hslote5
511,hgiorgiuttie6@1688.com,"tS4*A,02?87*~&L",csiegharde6
512,ofranceschinoe7@blogspot.com,eY8<k.@J(&,fsenne7
513,dsangstere8@moonfruit.com,jI7&Kk0NfL,bbagnelle8
514,lhindese9@abc.net.au,hA9=Xwr!,lfordee9
515,ptynemouthea@sogou.com,"mE3&U*&?h`LWl,P",egrosvenorea
516,ebottelleb@pinterest.com,dA8/WWRlL`KfI,imogereb
517,cbussonec@cnbc.com,qN3@SK4?23jB,wshevelinec
518,ljachimczaked@liveinternet.ru,eV4>!jdDY,pdavidwitzed
519,lthrelkeldee@sourceforge.net,"hJ1,%acRId*{=BlI",sdurninee
520,jizkovicief@reddit.com,iD9>A\qB,prichardeauef
521,gparadiseg@hc360.com,fH7%Y9n.}j,eflishereg
522,fcowlaseh@1688.com,rU4>R>0O#t,vkleeneh
523,gsimonsonei@biblegateway.com,"dH1,YW.g",dwoodworthei
524,bmassotej@yelp.com,aK6{`w'2`.,ephilipetej
525,cmacginleyek@123-reg.co.uk,oG5}+I+IPmk`,omcgauganek
526,mcollissel@kickstarter.com,"xY7(TX,a"">(LH",rroussellel
527,apunshonem@netscape.com,bU8?}7sq$+b3!Ewk,gcorsonem
528,jsichen@yandex.ru,"rS6""Z+/'",fferrettinien
529,tandinoeo@buzzfeed.com,zO8\69?o?,pbrewetteo
530,wdunseathep@msu.edu,"iB5=DNM#73Az"")k",efaggeep
531,bdisbroweq@pagesperso-orange.fr,rY4(XZE2C_T)837q,awiddockseq
532,ddaddower@squarespace.com,hJ9|&U(nVz!<,abeardaller
533,ntrevershes@nps.gov,vH5=@)En5AFJ,nanthoines
534,gvelet@networkadvertising.org,"fP4!h""U.ci",flenneyet
535,rkoeppeeu@tinyurl.com,zU2}o\~idGO!g,cplestereu
536,lcrumbieev@etsy.com,xD8/h_oG,hthunnercliffeev
537,cfairchildew@shop-pro.jp,"vH4|ly,VVo$7R3t\",bodulchontaew
538,jjohannesex@businessinsider.com,tU9~cxGS|CJp,cdallywaterex
539,ghuertasey@wix.com,oT6|_`JRSFcG5\{N,jtuckwoodey
540,aalenikovez@nih.gov,nF7)g<P}>b`ObY`,ckerraneez
541,ehritzkof0@tinypic.com,yJ2{i!Nyfsn{O2hi,bquibellf0
542,agwilymf1@rakuten.co.jp,"oL1$DZR4iUpfvP,",gquantickf1
543,kphalpf2@netscape.com,jQ8?V/{\++#*H0=),sairef2
544,feslerf3@ning.com,pM9+Npu'&fZ5Y,labbisf3
545,cgilvaryf4@netvibes.com,sK7}cseI,zfavelf4
546,aferf5@weather.com,nM9@d1Ep,rpeilef5
547,sneljesf6@intel.com,vP3{$2&fs,aomannionf6
548,mwetheredf7@ted.com,sA6?~ye/,jtawtonf7
549,esadryf8@indiatimes.com,vC5&`Js1Iss,aveldensf8
550,tdanilenkof9@cnn.com,mY2?*mgV5\*eMj8<,bdunbobinf9
551,csartenfa@google.com.hk,lO4?Ig=mP=,jthorneyworkfa
552,ckattefb@ucsd.edu,yZ9_!a`Hto,lalpfb
553,dhallowayfc@canalblog.com,uU5.v5dBqh1K&,bdeminicofc
554,aoiseaufd@yellowpages.com,"oT1!""i5#=$l5%",hmacdonoughfd
555,fosbornefe@seesaa.net,"pH1""!vKl7I0X",lkreuzerfe
556,mhassanff@engadget.com,tP9)9nYZC~AWIL,kbartlomieczakff
557,maburrowfg@mozilla.com,aT9!_xQJ=y304,jdarbeyfg
558,bberthouloumefh@patch.com,mG4'Dtete}cU6Y@h,ctonryfh
559,rmalanfi@mediafire.com,jM4<4J5xh{G$Lvc,jgatrellfi
560,ksimcoxfj@bravesites.com,"lI9'C,a4!",ggouldthorpfj
561,mgyefk@4shared.com,uX4?/K<Tvpx,dheenanfk
562,pmesantfl@huffingtonpost.com,vG7<ObdtkWjqCaC+,iyushmanovfl
563,aheasemanfm@about.com,sE1_Q?hUYt%bi$,bbunsonfm
564,agaymarfn@storify.com,vM7'tpV'utqV,bgirtonfn
565,astairmondfo@cornell.edu,tD7_AIaNO,amcclunefo
566,phallawaysfp@unc.edu,pE9.GLR_A5vs.mJJ,sbakeupfp
567,rmessengerfq@privacy.gov.au,kL0#JxlUqpF,seilerfq
568,gtitherfr@photobucket.com,"aD6#fV,Nz.1fo4uc",vduetschefr
569,hlenouryfs@printfriendly.com,hY6/'sx=i,bhammelbergfs
570,rcolqueteft@sciencedirect.com,wM6>9q3Fk,irowesbyft
571,palffu@oakley.com,qW0+TW<Z,hsimkafu
572,mboutwellfv@illinois.edu,hX9!i@{0,fbenzafv
573,jsitlintonfw@ovh.net,yY0)8OiPFsUw,aonowlanfw
574,ggillandersfx@reverbnation.com,qJ5?1@_fKtODK,tferrierifx
575,amullerfy@springer.com,nK9+qjXQFS,mroelvinkfy
576,aovellfz@tinypic.com,qZ7`=IuP7$9NT@LC,ahaliburtonfz
577,cportg0@weebly.com,"qJ7,gp6DK4@",druddochg0
578,bsmitheramg1@live.com,zR6/3H&itCj,mcleevelyg1
579,kbecclesg2@marketwatch.com,"uY7(""LaK+InuQe@",cmacgowingg2
580,pcorringtong3@yahoo.com,yS2.UCx*y@bHmm,rkalderong3
581,croddieg4@cpanel.net,"lZ4""0+lK",sfludeg4
582,dsimmillg5@washington.edu,"fM1*o@GKEC""",hcallcottg5
583,kgravyg6@devhub.com,qA4'?JJe3=,cbulchg6
584,gceresag7@fema.gov,xL2}aE\Amq)K,clebrung7
585,kribeirog8@nature.com,gP5`h}hpGMZv,wgaliag8
586,agrowdeng9@thetimes.co.uk,vS7}ziYOfs|,eeliyahug9
587,gheindrichga@bandcamp.com,"dR4""8az93uf?a@",bfilipychevga
588,sjeffsgb@buzzfeed.com,kB3`d$/=b#sQ48$,criggertgb
589,ojackegc@chronoengine.com,"gT2,dBp!",nsuttlinggc
590,hmelloygd@cocolog-nifty.com,zB0(PF(w'?7%70+,zbeechenogd
591,jangrockge@amazon.co.uk,kU5~B612OdDa0JO%,jaizkovitchge
592,gkochegf@github.io,"yH3&7i+Ezg#o,d5b",hpetrillogf
593,mstedmangg@macromedia.com,mQ6}pF3f>z<9S5G,msavilegg
594,rcrutchgh@yellowbook.com,yH3!}v~VtvKjz,iwarmingtongh
595,jwittengi@t.co,pQ8}_<{V7=%#x,mburnesgi
596,ppratengj@google.ru,jC6?f&.n)|k#bp>,gclericoatesgj
597,jdoeggk@hc360.com,xO4.>~tScFyUq/,csargisongk
598,hbegbiegl@whitehouse.gov,"qW9)A""8m7S",spymgl
599,gpimlettgm@ucsd.edu,eX1&$P<S|t,nnettleshipgm
600,frosencwaiggn@howstuffworks.com,lA4'>E620GSDT?Z,cpepysgn
601,cdesaurgo@businesswire.com,zI4.lr!'YX9,pfardongo
602,amcauslandgp@symantec.com,xB0+xDvS#\,hbrownseagp
603,tyellowleygq@ycombinator.com,"dU3}cHd8tb,y",mlewseygq
604,avinergr@unicef.org,cX1!GmBtn>Mb4,khierrogr
605,besposigs@nasa.gov,mS1.FCr16)(@9,mallchorngs
606,ghuxhamgt@engadget.com,bB5`IbjI,ndeboickgt
607,sjeannelgu@instagram.com,aL1='/6\<U*hw,klangrishgu
608,ureadwingv@seesaa.net,jN5<CK4!xP$T,eshermoregv
609,mandrionigw@prlog.org,"qQ8,7eeqc4s&e",mranbygw
610,thardangx@desdev.cn,"wR3""UigOsw",eboltongx
611,gklaggegy@com.com,yZ0.F8}tVY,chilhousegy
612,cbowkettgz@marriott.com,iI4=YgXE@O/HEpiA,gportwainegz
613,cdenisonh0@odnoklassniki.ru,iX5<HQA6x#RB+{u3,cchritchlowh0
614,senglandh1@un.org,pX4%W%iCT?SqNrV5,obambridgeh1
615,ggoucherh2@quantcast.com,"qZ7)6Nx?s&,+hY)3",sseah2
616,jsummersetth3@gmpg.org,aO4%12(\$hx_e,criccardh3
617,sgammelh4@livejournal.com,"kK8.FVfW7wK,T1",vdaglishh4
618,cfloreyh5@nasa.gov,yR1+D~=gHZ_UEKW/,dcabrerah5
619,pbrumfieldh6@mayoclinic.com,qC4&_mkahJEX}Y,mgoodsirh6
620,jwysonh7@ibm.com,"kV7""<prUI&",tbirchenheadh7
621,aundrellh8@wufoo.com,iM4.DAP5P0JTGh*M,hknockerh8
622,racumh9@pcworld.com,"rX3%LE,7S1'CP",jhaversh9
623,prabbha@ed.gov,sX5=#*I4T,cbellanyha
624,sbladerhb@fda.gov,wO0\go0l/p{<*Sha,smccriskenhb
625,bwinterfloodhc@ebay.com,"dB3~,/lAXI8TP/O",gzackhc
626,pesmeadhd@slideshare.net,"zG7/k,7i)e>2",jrowberryhd
627,agunhe@pagesperso-orange.fr,aQ6&$G@USWZk,smurtonhe
628,ggerwoodhf@foxnews.com,aV8<&+}gU?n\L%3I,dglanzhf
629,dtreweelahg@fema.gov,nT7#g)o*'9I?uI,cnealeyhg
630,rmattiellohh@chicagotribune.com,pI8~ZNvxcx,aodayhh
631,asutlieffhi@gnu.org,nN2}~+V}B,vstlegerhi
632,ecrowesthj@washingtonpost.com,fR6?|@`'V,mnortonhj
633,nbeesleyhk@ucoz.com,sI8&4!@83Pn=W,pshirlandhk
634,nmarchl@tamu.edu,jM5!9k**bQR(,psudronhl
635,csweetenhm@intel.com,"pR6)I,V9ShQU<Q<D",wconfordhm
636,dbartalonihn@bbb.org,"dG0!=h{C@1)""r.",jmaashn
637,imatteuzziho@cafepress.com,mL5.98>|cL},tkettelho
638,cwhatehp@hugedomains.com,kQ7%zNhR{b>s,cstiegarhp
639,jkelsowhq@so-net.ne.jp,qD4}%|=)JAe`S0w=,dlilburnehq
640,mrooshr@cloudflare.com,tE7%Z.iR{,hyaneevhr
641,vmatushevitzhs@scribd.com,"nV2=d{(X``u""",amcjerrowhs
642,ladamiecht@google.pl,iW2`yO$eIQtu<F,zmacpaikeht
643,aflintoffehu@cnbc.com,fK3\3'r}ZB,jconrathhu
644,cgenneyhv@cdbaby.com,nQ6(uh+!3fcB3*P,gcrebbinhv
645,gbrokenshirehw@myspace.com,iH4$|uS<!,sedgehw
646,apoppinghx@nationalgeographic.com,jC9>0~z9)1bzk,lmcmullenhx
647,lspreadburyhy@hp.com,"tW7}|7,i,E0=({{",apleminghy
648,jceaserhz@narod.ru,xH9&P)4|+8u=RN,cbartrumhz
649,ademangeli0@mlb.com,gV7|tT+h_Y1,wjindai0
650,dbontofti1@quantcast.com,cC7/\8`/FDihKVr,uudeni1
651,dlowdyanei2@buzzfeed.com,fO7<@zq#\Kol,bblackaderi2
652,amatheveti3@ehow.com,eU2*\X!i,linderwicki3
653,hteazi4@cyberchimps.com,hE0(HO$Ih3UJVPh,lmoorei4
654,tgreyesi5@mashable.com,bA3>&uO{T'eLhT,bgonneti5
655,feskriggi6@storify.com,gS8}FBhi'Y#,tstealyi6
656,sandrichi7@php.net,"nA8>h""L!XlJ",jbegwelli7
657,gobradanei8@usgs.gov,"lW0""(|?""pJaH$/",sscaweni8
658,estuttardi9@amazon.co.uk,rD1@Oh=mHlweS,dstihli9
659,nkenania@weather.com,uV4/yHzm(4oq,jstentifordia
660,rrigardib@hugedomains.com,jI7>Lh~X+14Eh1<,tedwickeib
661,cwannesic@desdev.cn,cH0>s)!dTo,asciussciettoic
662,rlefwichid@ibm.com,dI2'iIl!<EBz,wphilbinid
663,wnighie@booking.com,mH5@UY%mC,ekilcullenie
664,jhallgoughif@blogspot.com,rI3&)*N|w\Azu$S`,asansamif
665,emickleburghig@phpbb.com,"aT0,SQl$pdqiSH",mohartnedyig
666,hjemmettih@ustream.tv,"bS3>}6PtWl""#A",hsimih
667,gmcglashanii@cornell.edu,dP9.zh&/tl<_,tlystonii
668,ballsoppij@hibu.com,kO9_6c3K5pX\,jbromeheadij
669,wstanislawik@google.ru,"fH4""{>+Av",mtreacherik
670,efolkertsil@sina.com.cn,wZ4|13i)pGirSo`,jgainsfordil
671,lpurryim@pen.io,vL4}IXof|u>wHu,goshevlanim
672,fhasterin@ycombinator.com,xU8~'a)P0$#,cscamadinein
673,bpitwayio@goo.ne.jp,mN1)09x|4sUku|,hnisuisio
674,fforoip@intel.com,"mY0<oQo!=oz#o0J""",jmcquakerip
675,moskehaniq@deliciousdays.com,"dD2.~K6JC$b1iq,!",ssaineriq
676,jbrithmanir@360.cn,"wA1?WC,{@#eosd>q",ddennidgeir
677,glinkis@dion.ne.jp,rO7!sXp@(?s<w,jharcarseis
678,tgladingit@imageshack.us,pB2'8I~R),vpanonsit
679,ctrahearniu@nationalgeographic.com,oE0$O=/`Cyqd|b4t,kdanceyiu
680,rlyptrattiv@smh.com.au,wO8##XykV,cjakabiv
681,ctrewhelaiw@nymag.com,qM2{}XAAo*\6cw,jdabeliw
682,rstoppix@skyrock.com,bG3%jqq45k.4g`,mcussenix
683,bhumbelliy@scribd.com,jJ6\kez~q,amixteriy
684,tfattoreiz@nytimes.com,rM1}aqW0,zbreacheiz
685,ccandlishj0@army.mil,nH0$ud84j`Z}@Hf,mguyej0
686,mtabrettj1@redcross.org,"xO0+F<""Pczxw",mnancarrowj1
687,lhuyhtonj2@umich.edu,xZ4&Q5+mF`GP,jandraudj2
688,ealldreadj3@desdev.cn,oI1$IYOHqPEl\Ed,jgoodliffej3
689,tkraussj4@sun.com,gU8<Off~*R,mbloxhamj4
690,fmountstephenj5@privacy.gov.au,rR6`6Na8}V4zp0,hadaoj5
691,gyekelj6@foxnews.com,"wC2<MdX""xwU",olashleyj6
692,dmattimoej7@upenn.edu,cD5(SpIW@#VCH,bkettlestringj7
693,aivshinj8@weebly.com,yB0*336F,bbrittonj8
694,mlererj9@topsy.com,jP6!/>AQTwPxeY7m,mmannj9
695,fmckerrowja@wisc.edu,fC7<gv)uqN,lgjerdeja
696,lcreechjb@intel.com,yV9*l4/w1)VsM,shutchingesjb
697,anozzoliijc@wunderground.com,uT5~#O>XlQ~,lrennjc
698,cpendrickjd@blog.com,aW0!.CC_H*!PUU,reastmentjd
699,dtharmeje@ca.gov,mY0?$'>Fd,kcolbournje
700,nwilliamsonjf@craigslist.org,jZ1.elX/.~f,bkingsleyjf
701,raucockjg@techcrunch.com,yC4.61Nxt,isaketjg
702,bstollijh@nydailynews.com,"nV7""XhFI(Fp~",bnottonjh
703,mkearnsji@a8.net,fP2|C6bl{F,knorsterji
704,dwankeljj@icio.us,"kM6%tO5,4/hBPiV.",cbrunskilljj
705,aschoolfieldjk@i2i.jp,uE2#\a+W>Gd,nadenotjk
706,tcullityjl@oakley.com,"lJ1@,/<W({",tgannanjl
707,kbarnshawjm@technorati.com,"vS6{P7lY}d9""%",bbusfieldjm
708,cschultesjn@nsw.gov.au,iH3+qA_Xo+ul,dcardingjn
709,gbrigstockjo@google.pl,iP8>>TF5,rfoortjo
710,amccardjp@zimbio.com,gX6'NbT`2BIo$6<,pkettlesonjp
711,gbeavorsjq@washingtonpost.com,pT0%t2+{qA/mihTQ,habramchikjq
712,rhuertajr@yahoo.co.jp,jF3>t9'7&E'2*b<d,cpargiterjr
713,agregoracijs@fc2.com,"jP2@.nk'EJJ,qO",tgausonjs
714,bcamachojt@techcrunch.com,xE5?h#~Z''*gO,ccochetjt
715,bvigursju@seattletimes.com,xA9}0@{%#Abc7at!,amechemju
716,cilivejv@gnu.org,mL5//VBtbo~KO,ofowdenjv
717,glodwickjw@businessweek.com,eW2<Xz0HK,tmcclintockjw
718,zpointerjx@google.co.jp,zH1|K8)bq<YWj*q,seckleyjx
719,nsamperjy@eepurl.com,tT5<pcOeeeYLU,rcarolinejy
720,mpashjz@usa.gov,wO3~kW%kV/O,amuncasterjz
721,sridesdalek0@theguardian.com,mK7.9eu}TdC#~`/,wnancarrowk0
722,rboshersk1@webnode.com,"lS0}cP)FL""Gv~o",ebearcockk1
723,gcaneyk2@toplist.cz,lU0(T.0Qre`8gJ,jgraveneyk2
724,pmanthorpek3@google.ru,nN9.teN2J80~$c+T,smccloryk3
725,citzkovicik4@theguardian.com,qR2*cyNu16,cbrimilcombek4
726,bferraresek5@spotify.com,eO7`U~y91jz65C{,jdebruijnek5
727,pbanisterk6@bing.com,pV7@*oBH?2NtH,kreckk6
728,retherseyk7@about.com,uA5}{'ihhi+,amacgilmartink7
729,cgilluleyk8@yahoo.co.jp,tQ3}`@79xz,megerk8
730,darchbellk9@latimes.com,qJ6`|!`{KU,egortonk9
731,pkintonka@wired.com,dA6)%&=lt,imoroneyka
732,mgravestonkb@cdbaby.com,eZ1>>Vs_)CrD,ckeavekb
733,kecclestonkc@bbc.co.uk,jQ6}TJJ\uNh,llivockkc
734,lwadelinkd@w3.org,"vH6""SK1?GT|tE",cblabiekd
735,mowerke@huffingtonpost.com,vW9%XE9n,btwinbrowke
736,ghabletkf@php.net,gL7)+B|<p*Xc5U,fgatcliffkf
737,nsigarskg@google.co.uk,"pT6,o``2",jsavinekg
738,balthamkh@cnn.com,"wD5#,g<HV",brounsefellkh
739,kmotionki@icio.us,hC9`78'VKf\UQt,fcowchaki
740,csnapekj@dion.ne.jp,"aU3\,}/.h|wpNFG",mmatressekj
741,herbainkk@e-recht24.de,xV6/AB4RhDVNw6w(,dchamberlenkk
742,etruckellkl@theatlantic.com,nV0(hr<n}@hD,cgironkl
743,breddykm@cbc.ca,zZ0$PVn#7UQET%3,fbattlesonkm
744,gmaunderskn@fda.gov,hJ9$6Q$S)IaA,sroskamkn
745,kfarmarko@issuu.com,lW7%Cv_<nTL8#,kcorsellesko
746,pleatekp@statcounter.com,iT5>*_op,agherarduccikp
747,dyarrantonkq@privacy.gov.au,pM9'dGp}},ksiredkq
748,lmouserkr@ucoz.com,bB5'XcyaIwq{,gsibthorpekr
749,smuggachks@skype.com,dY6?<H4iC_M*adus,cruskeks
750,vwinterbottomkt@skype.com,gW3_/>&rJ4vS&M,dgorthykt
751,kbrimmacombeku@comsenz.com,zO9%aEo+A6qqNYG,eadamidesku
752,dmaddysonkv@ifeng.com,"oW9@Z,{Yhmk))R9a",kgiveenkv
753,lkillinerkw@bloglines.com,mT7>j8tMm8~UM4l{,walexandrescukw
754,emonceykx@state.tx.us,aK4>{wK}GNtx@gZN,drenihankx
755,bsammutky@over-blog.com,"qO4""J_PO7q9`",kjeanessonky
756,mdashkz@spiegel.de,"yG4~\*<v{v""",sbullenkz
757,sspendlovel0@istockphoto.com,zN7%*17Df!Zy,caschel0
758,alevertonl1@bravesites.com,uX6<{fI{~$'}Qz,poflavertyl1
759,pnorthgravesl2@blogtalkradio.com,"fH4*@%LpP,",mneliusl2
760,ksakinsl3@4shared.com,bS9=6`zY0j,aginnetyl3
761,ckunradl4@sbwire.com,tR4\Z?=/yCcj,jvakhrushinl4
762,bgreendalel5@jigsy.com,hX0<Bf8_u,amiddlemassl5
763,ewallwoodl6@google.es,jF0=U!}QJuq)sd=,tmorralll6
764,bdaniellil7@wired.com,"wE9=""o3jBggv",ctrussl7
765,slivockl8@hhs.gov,yL0!?=Bn,tdochertyl8
766,bflageull9@woothemes.com,vQ8)xaZ9f?xKi@,bgrevesl9
767,lkittla@google.nl,iP2#Q3X_nmG?C3,cbelchla
768,srolingsonlb@arstechnica.com,aB4`?Ttuz$#<LH,sgolbylb
769,apinkertonlc@hud.gov,zZ7$OK5MfIpPpT,kdoreelc
770,foraeld@cdc.gov,hN3}{~mj!?Cb1,sschoularld
771,ksutele@aboutads.info,zK1|`}N2C=,jcumberledgele
772,agrimsteadlf@gizmodo.com,"pA2~Y%LuIrM@,d",pgrasonlf
773,sdymocklg@pcworld.com,wC7_a|GZ,mphilipotlg
774,smcvittielh@seesaa.net,dL9>k$sD2NKm9n03,wkamenarlh
775,cjustli@friendfeed.com,aL1{YUnF'B,chansillli
776,mreskellylj@example.com,qB7)X)c`DEyL3_O,kpetersonlj
777,ltemperleylk@google.ru,wD0.K$PbUgDA&>q',sjurgenlk
778,zhydesll@nsw.gov.au,qA1+JQZME5*,ohealll
779,sstattonlm@engadget.com,"zW9""a%tS",athoresbielm
780,gclausenthueln@hatena.ne.jp,eT7{|GS`L3,aloftingln
781,tguillermanlo@va.gov,"yI4$MOom9%=f=W,U",lebsworthlo
782,efurnivallp@blog.com,rX6+1u<N,bcahalinlp
783,cwithulllq@miibeian.gov.cn,sP7+k.<Vl}YP\,fbrakespearlq
784,uhaggletonlr@pcworld.com,jO9{caN@dQfi,kmaberleylr
785,bespls@amazon.de,xX1|x?q**UST4E'r,tswantonls
786,ariolfilt@loc.gov,qT0(D8~q$,bstrathdeelt
787,vpinningtonlu@quantcast.com,uX4{a!sLUY,ghawtreylu
788,mmcmakinlv@acquirethisname.com,"dA9""p>N|",tduberrylv
789,glitsterlw@twitter.com,eG5~k{\h}A*/I(,dtellwrightlw
790,mmulchronelx@washington.edu,"mX5""2Mo,'{o1",tklaggeslx
791,ncrickmerly@g.co,lU4`df*o,cdykinsly
792,iwasylkiewiczlz@mashable.com,aO7>$!s4Z,sdellenbrooklz
793,bchampnessm0@loc.gov,dB5=Ap\@=yQv,kciraldom0
794,krenisonm1@about.com,kF2\ueLsNvNO&Bd`,hhanmorem1
795,ihaingem2@sina.com.cn,qQ3|KPEK,baltym2
796,tarbuckelm3@delicious.com,cG1}Tm}P%/Xy,srubanenkom3
797,zlindellm4@craigslist.org,"gS4{Cw9=jz,",tjohnseem4
798,nscrimshirem5@typepad.com,aS2/`hP%}H77&y5\,cdawidowitschm5
799,ljakubovskym6@g.co,iG9?T0cw\)?>=fyk,eheapsm6
800,scastagnassom7@i2i.jp,"qS2__""={Ep71=9",tmoonm7
801,hbryerm8@tmall.com,vI6`z#n+PZmlv!8$,efilochovm8
802,mfoulghamm9@hugedomains.com,zX7/vbCnKc{,klukasenm9
803,bfronczakma@nymag.com,"zL1,0fn)3F9T",lbradderma
804,tmcnellismb@mozilla.com,vV9/@Dpg8,srysdalemb
805,mspickettmc@reference.com,bU7@nq)>#QT,nshermarmc
806,tfibbensmd@cbsnews.com,hG2(<2@u!z)PP3f,slangermd
807,gfrewerme@etsy.com,sQ3#C{)q&,etackleme
808,wsinesmf@constantcontact.com,sM8*9.nr3PgYLso>,nbolsovermf
809,tgrovemg@merriam-webster.com,aB4~j)nZXG`,ckohrtmg
810,bverlingmh@newyorker.com,"dX7"",|E!K",wgillcristmh
811,ggorcemi@hud.gov,yS7<xr@Y\,cburbridgemi
812,ccressinghammj@un.org,vR3+o)P.Q<1h,rjankovicmj
813,jnasseymk@umich.edu,aX8=Nb<Wkq~Ue,wdolligonmk
814,kwoodyeareml@amazon.de,rI8>>0Q$v.o5(,cchasmoorml
815,zschenkelmm@shinystat.com,"vX2(=Ml""c7~|N3",bmoldmm
816,cdurwardmn@foxnews.com,fY8@DS%rjFx&a~(J,chealksmn
817,oogusmo@geocities.com,bD3/V+@&iWX+V,vkwietekmo
818,ngrzegoreckimp@reuters.com,hX4)8lYL0a<LW,rlorandmp
819,jassardmq@google.ru,jK0\9C6/jNl{,hcornbellmq
820,owrinchmr@myspace.com,eW3`J47yBiUJ,ghakeworthmr
821,zilettms@chicagotribune.com,cL9<Tp63YQ|G|,cgreenalfms
822,cniscomt@cbsnews.com,dH6)fqI3X,cpollakmt
823,kklezmskimu@pen.io,kS7\7C$KbGok.<_,bwyburnmu
824,ablowfieldmv@deviantart.com,zF1?H_<*i,eyanshonokmv
825,bstothartmw@hp.com,tS8+I\Um(mgi%xa,anicklessmw
826,speoplemx@myspace.com,fV9%_p8jN9tM,ppadellmx
827,mdericotmy@princeton.edu,kN6>0*7WVy6D3wW?,cmarsdenmy
828,mfilisovmz@mac.com,"uH2?OwVtQ,Ct",afitchmz
829,jmorgenn0@intel.com,qS3\KQ6A,fainleyn0
830,dbootyn1@soup.io,rV4_mU(Sz7,knibleyn1
831,ldunridgen2@ucoz.ru,tG1$gDk/TdR,bfuentezn2
832,btiversn3@flavors.me,bN5/Issj\{fB,mgoldsworthyn3
833,gcogginsn4@cnet.com,zE0&jpYtIjA,pshuttlewoodn4
834,cwhaleyn5@irs.gov,bY7/yuJ+,atrulockn5
835,epratenn6@shop-pro.jp,jW9?JH*/H_9hY,lnorcockn6
836,deadonn7@mail.ru,zG2+XYwXlO,bcolletonn7
837,gwattn8@jiathis.com,hX6&Wjn&))2Sjq,tbennn8
838,dainsleyn9@bloomberg.com,qU6?%Q2EP\)0&u),eloverockn9
839,iparfreyna@examiner.com,oF8({rP%T,lwhytemanna
840,dbowsernb@webeden.co.uk,aZ8(~z$9aFj.P(+I,uchoatnb
841,cmaskillnc@360.cn,uZ0!$aVKLlnk0J,heckartnc
842,lhalbeardnd@de.vu,uC9>r#HH.Yiri\,jprobettsnd
843,csteinsonne@blogger.com,lQ6#BDZYg|bhO,cgrigoryovne
844,mstutelynf@e-recht24.de,mA7~i()}xl,amethingamnf
845,jtilliardsng@surveymonkey.com,"zD2""kN0TrhO",awakenshawng
846,obeldennh@cloudflare.com,"dZ4""\~nqIeycj/E",ahrishchenkonh
847,ebargni@smh.com.au,"oW0*wL""~z&b>j~IO",rscneiderni
848,cmaldinnj@usgs.gov,"sJ1""6=}Bv10x",agawlernj
849,rvaughtennk@fema.gov,oW5!3hXZC8ga,lehratnk
850,bchingenl@redcross.org,"cA0""?7xN",rwimpeneynl
851,daseenm@stanford.edu,"fX2#We@%4*9""s}",rmanlownm
852,mhumpherstonnn@psu.edu,nH8+'#PTE{ZW*>,klarratnn
853,ghebronno@wix.com,pJ8>lqib#Lak,wbraidmanno
854,lloomisnp@instagram.com,kI3'N=*!@_A_,ncahalannp
855,rhartshornnq@mysql.com,nX7>9oIz|<U,msherelnq
856,dwallworkenr@fema.gov,zU1{o4Wyg,zlindlnr
857,eanthoinns@intel.com,tB0+HGoGR,lruossns
858,gmelonbynt@google.co.jp,cW4+j%U>i@+~g1,drichardonnt
859,cjodernu@ed.gov,sB8}I!>7M7i>Lw,maerynu
860,psewardsnv@examiner.com,hZ1!<icaw8P/$Wmz,jneilandnv
861,msoalnw@hubpages.com,oA9%DHyL6,hfoxhallnw
862,efeitosanx@dot.gov,"nK2""~q,f",kkeaysellnx
863,dmaestrininy@omniture.com,rG8|uvFef%dU,ehuntingny
864,thawkinsnz@youtube.com,wP2.JCFOjB,apechaceknz
865,rkillimistero0@dot.gov,sX4=kO2lW.CdW,ahathwayo0
866,fshakeshafto1@shinystat.com,aZ5=@!cAH=@qwi,mborrieo1
867,cspencerso2@jugem.jp,zG9'g*0FGOm!VZes,jlevershao2
868,mbechleyo3@plala.or.jp,nR4'z'WLpH@,bgouleyo3
869,hhemphreyo4@slate.com,"eP5,(vx*`.Yo$",mdelamaineo4
870,sdevero5@squarespace.com,"jG4`u`\&X6""VlO)",mtibbleso5
871,cdarringtono6@ow.ly,oD3}I~s&NU,gdewireo6
872,fjiriecko7@devhub.com,nY1*'25|vQ,tplacidoo7
873,hspendero8@bluehost.com,nR7?QQ(H,haddenbrookeo8
874,ibrakespearo9@yahoo.co.jp,oX1>8x*O,mcradyo9
875,dbartosikoa@discuz.net,wD9'M7!Ja{Dv~,jboardmanoa
876,lscaddenob@businesswire.com,mL9)#a='?1v1`,cheyworthob
877,dbiermanoc@disqus.com,xR0+r(SZQx\hg|P,cpollackoc
878,broelofsenod@ox.ac.uk,qH3!$de`6I,achataignierod
879,sblowneoe@aboutads.info,eI6<yXyC(<X(,asargeantoe
880,nyouellof@wikipedia.org,yD8<uQj5uph&MR,jbassilashviliof
881,cmclenaghanog@phpbb.com,cA0%Od0_,mturvilleog
882,bcammishoh@ycombinator.com,zQ4(qEuYIz,jfreynoh
883,cklimczakoi@microsoft.com,cP6}_oF/41J?Jgyr,bdomleooi
884,nmathewsoj@prweb.com,oF9+>nhI\hUqG,pduberryoj
885,elacasaok@google.it,oY1)YEZg?VUB47,msoulsbyok
886,smerrellol@hostgator.com,hY1!*uOA&,vbavisterol
887,twoodwardom@ycombinator.com,gZ9%Br<cyCX|,nsouthgateom
888,oletchfordon@webmd.com,"eF0""MF,{{6A",jbeaginon
889,schevesoo@google.cn,gF1=d=t&NX_,cfehnersoo
890,pfearnallop@netscape.com,kZ3/%GBBkh0,twoollheadop
891,bdomeniconeoq@histats.com,"kA7,&,t}1j2!a6u",cguinnessoq
892,ebilliardor@hc360.com,tE9#4`bRJE<<Ch/,ahiomor
893,singgallos@google.com,iK0%P*gqd,dkurtisos
894,tdesbrowot@slideshare.net,"rK9@&x\R,cHec6",msimoot
895,nmaywoodou@github.com,jV8(YzdKZc,msimkoou
896,gtongeov@ucoz.ru,sH5=jeqL&RT_\y,twiltsherov
897,lcaffinow@friendfeed.com,"bD6,""eVJeN",rwhiscardow
898,ocarmeox@oracle.com,"qB6%!""|EV",smarrianox
899,anailoy@businessinsider.com,"dE0&fnd'PTe_,7g",bpopplestonoy
900,nlaslettoz@addthis.com,"mA1)f?C,tepsm!P9",mtieoz
901,hreinbachp0@unblog.fr,yY3/@gB.pO2,bknutsenp0
902,ktriggolp1@cbc.ca,jS7_>2CS?#hs,dteschep1
903,ccorthesp2@xinhuanet.com,hP4~NF$*fQL,malgyp2
904,mbursnollp3@telegraph.co.uk,aX4%5NcU=PY,frobinetp3
905,lpilbeamp4@canalblog.com,lJ7|6%Vy,mdecastelainp4
906,twogdenp5@narod.ru,"zV9,{?.j+",rclaydonp5
907,kdominguesp6@moonfruit.com,zM9($x//gE_b4QPx,lworkmanp6
908,svasnevp7@goodreads.com,aH1%QoL4h,tvaulsp7
909,halbarezp8@jugem.jp,sR7!6|r<g>?GYP,ksmeatonp8
910,aarchibouldp9@nifty.com,yK0\K7D>a,eminsterp9
911,mtunbridgepa@dyndns.org,vG9`j~'V,jburburoughpa
912,mklimentovpb@digg.com,bO8<d$l1m2uK,namesburypb
913,nrhyspc@bizjournals.com,yN1|FnO=kdxX,wlangstaffpc
914,bchishullpd@tinypic.com,"cM9""K(x6Ua&",rbispopd
915,alodemannpe@mediafire.com,oF9#t&~k{kqrz'<s,bsnelgarpe
916,tciepluchpf@marketwatch.com,"pT0%q{,$",imaclucaispf
917,hcardnellpg@netlog.com,rT0<%//$my'kEv},dkoppkepg
918,weiversph@amazonaws.com,fG8#v)5Iu/nNlD,hspragingph
919,malvaradopi@hibu.com,tM5$mn=We4,bhunepi
920,mbamseypj@sphinn.com,pY9_syUQ,jdownhampj
921,obelshawpk@xrea.com,wN6}Dt}|&cR(IXrp,bchoulertonpk
922,ederkespl@ihg.com,oD9!'LHZ9=$,svondrasekpl
923,eprycepm@google.com.br,pR3|d8jvi?{B_Rp6,acoultishpm
924,kstraceypn@xing.com,tZ4}}RF&<(nn<,npiolipn
925,vhampepo@nationalgeographic.com,aE3<#'&Y,bceschipo
926,lclacsonpp@unc.edu,oK9!UX(dg,bpopelaypp
927,dcoultouspq@amazonaws.com,iL4+DKLPT!F>e,missittpq
928,cgulvinpr@usa.gov,dV0%2i\HA,enairnpr
929,bsunmanps@360.cn,"tW9\uRSXK+=x,",tciementinips
930,dselwaypt@skyrock.com,"iD4""@67x4kA",cwilbudpt
931,ablagburnpu@icq.com,kH8==0_K&~7Dp0%,eminettepu
932,ksuthworthpv@uiuc.edu,"mU8!KOB!z)0g""}{",nayarspv
933,htorbeckpw@bandcamp.com,vG7>@Kt+,sterlindenpw
934,bbalfepx@t-online.de,zN5)PlK<Ir{NOBbb,gmoorfieldpx
935,jbrunonepy@miibeian.gov.cn,"rS4=y"">qlJ52\Lw",finglefieldpy
936,cpinkettpz@virginia.edu,gC7?mBKM'#w}VAM,hveschipz
937,bpelferq0@google.cn,uO6\fy0S15,gwaudq0
938,pkamenarq1@qq.com,yW3.fl\aDtDiHl,cruddomq1
939,lmayheadq2@chicagotribune.com,qW0%f{@/,dchasmarq2
940,rmastrantoneq3@sphinn.com,xK8%KXVXx,qblitzq3
941,credparthq4@youku.com,zK6)|ooW7rh,bedmeadsq4
942,skealyq5@hp.com,lW1#nHY'+$u,fradkiq5
943,msummersonq6@smh.com.au,"wF2}Ca9U,I8#FdZ",adiganceq6
944,qcolesq7@engadget.com,fP9<@x6zNW9=R%tz,mgoatcherq7
945,jshippeyq8@nsw.gov.au,cA4}jF<`4FY6g?0,nphilotq8
946,odunkleeq9@sogou.com,"uL9""K1rWP",tcaddiesq9
947,mnarrawayqa@newyorker.com,"vF7,X9m|j\",gputtenqa
948,mfollettqb@wiley.com,xC0$\_(@/<,gtildesleyqb
949,tlanhamqc@telegraph.co.uk,bH3$1hV)6Iao,jcleughqc
950,mtearneyqd@istockphoto.com,qA2?ymq4n3,eallomqd
951,bharrowsmithqe@csmonitor.com,"iO2@,4EB?*65lTy",jaltamiranoqe
952,rblewittqf@disqus.com,gO6+840'2~J,lbuskeqf
953,brudgardqg@psu.edu,xV1|=Qs'esLqV,sbernonqg
954,dbelliveauqh@over-blog.com,kQ8?28h*F\=},sbarckqh
955,alovewellqi@psu.edu,tP8}'bWjELQ9iT,pmoineqi
956,cmcneiceqj@1688.com,oV0?M'6~)1xS_IeL,lglazerqj
957,dvivienqk@wisc.edu,pP1>N!uBfP>X,wharnellqk
958,wbrontql@ox.ac.uk,hL7_=WG}Pf,sheijneql
959,akeenanqm@istockphoto.com,zN5`qJZ?m=vLU$l,jbarriballqm
960,wwetternqn@webeden.co.uk,zO2)9N{p5+.,mbissillqn
961,glangleyqo@multiply.com,"oP3(*Q<>0Qh""z",sdigwoodqo
962,idallemoreqp@parallels.com,pX1!8+Qi$y%,cmcclurgqp
963,amcilvorayqq@disqus.com,"nO2@%Dr2}/""0UR",sjirsaqq
964,sjorissenqr@netvibes.com,zR2=uslb,gmaccoveneyqr
965,hmaccarraneqs@dailymail.co.uk,jX0!}OLDW_z%|,limmingsqs
966,mkynettqt@theguardian.com,pK9#KBdF_2,bhattiffqt
967,gskeatsqu@com.com,sC9/{39/4b&{D,hvitetqu
968,skristiansenqv@seesaa.net,bP5~'2Kh=,bpawlynqv
969,reuelsqw@gov.uk,uH7<(oZ{9&,krenyardqw
970,flukovicqx@wix.com,"dP0""NG,\#B8CWu",egyeqx
971,whaightonqy@opera.com,kP0(pS77>Sbp/,tchaimqy
972,jhavvockqz@constantcontact.com,"xU2?!il/X~/e""7k",rcordeletteqz
973,cgepheartr0@sbwire.com,wO3_}O9K),eoshavlanr0
974,evennersr1@howstuffworks.com,"sV8,@tIym#iN7!g",kkigelmanr1
975,dvalentir2@uol.com.br,"oU2=c`""7",ncrampsyr2
976,kfrancr3@phpbb.com,"kN3.%P""he{,",wbordesr3
977,lshillingr4@vkontakte.ru,cZ0>F&PfMSz_,mglaysherr4
978,homearar5@histats.com,bX6.<+?_QsY,tberlingr5
979,jsolleyr6@latimes.com,xD4<np2=%kavX,cboltr6
980,kcathcartr7@e-recht24.de,wW9~RB/lHW2~Q/?,eballentimer7
981,dbattr8@mapy.cz,xR4|(~j=`JFV},pmacnaughtonr8
982,nmaybeyr9@netvibes.com,oF4`!&F{<gu7O,sstattonr9
983,rlewintonra@qq.com,"nV5,RI>R4",mcoughanra
984,hgrishinrb@ocn.ne.jp,kI0_|k/<uu)n21gh,sminallrb
985,aponcetrc@yahoo.co.jp,hZ4/D.mCN',ihaywoodrc
986,mrodgerrd@thetimes.co.uk,rZ1/&g~+KL,lreiderd
987,mgrishmanovre@ebay.com,"hH4,BF2`Td",zcrossgrovere
988,lcrowdsonrf@webs.com,aB0.jn+T}~00,dchesleyrf
989,fcockillrg@geocities.jp,kH6*IpRrVlv&,cgirvinrg
990,gfurseyrh@g.co,aJ7>Fx=iT@b,ewellesleyrh
991,vcicceraleri@bloomberg.com,bN7(CNk/,jyusupovri
992,agreswellrj@admin.ch,iR1(\MKF+u,haldhamrj
993,jsimkork@mlb.com,fT5`4w5rh(8ygHxr,lmerietrk
994,hstarerl@4shared.com,fQ0}JMnR3F5wjYe,tperrinrl
995,jglowaczrm@moonfruit.com,oS8&>bL~RqaRW,wbourdonrm
996,achiechiorn@so-net.ne.jp,rX3+7N_~2%{p,tgiblinrn
997,bmillamro@samsung.com,lQ1'ZN1+dVrV#,ugremanero
998,astaniforthrp@meetup.com,uJ7{O!T)+UebU~,dnaryrp
999,rgriffithsrq@dyndns.org,hH4'2BSZrx,ocatheryrq
1000,gabelevitzrr@dyndns.org,kW6}{{kQvd4,kriolfirr
